Student Name,Class,Email,Phone number,Address,Total Payment Dues (â‚¹),Past Delay Count
Rahul Yadav,4th,wbakshi@gmail.com,+91 86183 29181,"43, Bansal Street, Gaya-862390",2842.03,10
Abhi Yadav,8th,sabharwalemir@yahoo.com,+91 6209 950 346,"H.No. 39, Sandal Path, Giridih 802998",2388.56,9
Supriya Yadav,UKG,pranay58@gokhale.com,+91 9680065281,"H.No. 285, Shah Road, Dharmavaram 729769",1469.84,8
Aayesha Yadav,1st,talwargatik@gmail.com,+91 9944819363,"05/514, Rattan Chowk, Bahraich 870141",3559.98,10
Piya Bahl,6th,agrawalaarna@hotmail.com,+91 9519678047,"26, Ganguly Nagar, Katihar-625649",4197.61,5
Shalv Chatterjee,2nd,kiaan70@chaudhuri-korpal.com,+91 9904395901,"28/83, Kapoor Chowk, Shimoga-846197",1855.15,5
Kartik Choudhury,8th,hmane@hotmail.com,+91 9702592834,"11/02, Ghose Street, Hapur-262140",4743.15,0
Anya Bassi,4th,adah11@buch.com,+91 9392116185,"618, Soni Marg, Siwan-911754",2263.35,3
Lagan Thaker,2nd,shayakgoswami@dayal.biz,+91 9770942910,"H.No. 82, Sharma Ganj, Panvel 776215",2163.83,2
Hunar Mall,7th,ranbirdhawan@walla.com,+91 9516273750,"19/67, Gaba Road, Ranchi-764784",2022.41,4
Vaibhav Chhabra,LKG,tandonseher@hotmail.com,+91 9623659152,"179, Chaudhuri Road, Mumbai-361239",2838.97,2
Armaan Ravi,LKG,ydhaliwal@gmail.com,+91 9578679626,"75/324, Mandal Circle, Jabalpur 539086",2319.71,2
Miraan Badal,6th,nirvaankhanna@dixit-madan.net,+91 9872386500,"45, Jhaveri Zila, Kadapa-376667",1145.94,1
Nayantara Ramanathan,3rd,vargheseeshani@shah.com,+91 9329512647,"H.No. 70, Divan, Jamalpur-195601",763.27,1
Neysa Dasgupta,6th,dhanuk79@yahoo.com,+91 9411212090,"H.No. 737, Ben Zila, Purnia 408050",1624.32,0
Ayesha Kumer,4th,yakshitkrish@hotmail.com,+91 9102548748,"00, Setty Chowk, Vijayawada 048491",4419,2
Vidur Bajaj,7th,nityaborde@badal-cherian.com,+91 9345001972,"H.No. 480, Sama, Pimpri-Chinchwad 783837",1865.1,4
Khushi Sarraf,1st,rausiya@vaidya.net,+91 9658219583,"H.No. 81, Sawhney Street, Solapur 816120",1415.21,3
Vedika Subramaniam,3rd,wghose@sachdeva-venkatesh.net,+91 9894993597,"456, Mallick Chowk, Nandyal 874406",4345.46,5
Ira Kota,2nd,kapurbadal@tella.com,+91 9770489781,"74, Jain Road, Tadipatri 345438",3286.56,5
Ira Dutta,LKG,ibali@samra.com,+91 9055749489,"H.No. 46, Dave Marg, Shahjahanpur-511705",3437.78,0
Devansh Madan,2nd,madhupvaidya@bhatt-bail.biz,+91 9265955470,"303, Sha Circle, Amritsar 460395",986.22,2
Zara Hans,Nursery,yswaminathan@gmail.com,+91 9818098325,"H.No. 21, Sibal Zila, Ozhukarai-780829",2154.71,1
Stuvan Shetty,3rd,jsekhon@iyer.org,+91 9919933489,"037, Tak Zila, Tenali-147952",4015.78,1
Shaan Arya,5th,fsarma@sidhu.com,+91 9281021021,"H.No. 51, Zacharia Ganj, Alwar-852360",3576.8,4
Misha Shanker,LKG,samratejas@chana.net,+91 9640888399,"386, Mallick Street, Patna 497863",1312.51,4
Nehmat Joshi,5th,chopraamani@gmail.com,+91 9095400481,"H.No. 62, Hayre Chowk, Sikar 277210",1149.87,3
Hiran Apte,5th,rkara@hotmail.com,+91 9555226564,"H.No. 76, Gole Road, Kadapa-338580",4822.59,5
Nirvi Sen,LKG,nakul74@gmail.com,+91 9463740169,"55, Chadha Circle, Rampur-970919",2155.12,4
Vanya Solanki,5th,tusharvarughese@hotmail.com,+91 9280567956,"H.No. 263, Sem Road, Belgaum 190163",1958.79,1
Uthkarsh Anand,5th,dhingrazain@sundaram.net,+91 9348111060,"34, Babu Chowk, Ghaziabad-918714",1902.99,5
Siya Virk,Nursery,tarandada@chahal.net,+91 9351642882,"75/22, Tella Street, Ballia 142151",3710.61,1
Navya Bahl,Nursery,sbedi@dhawan.com,+91 9730941231,"95/50, Bhatt Zila, Bhavnagar-759966",2683.86,1
Samarth Gaba,Nursery,yohannanmisha@gmail.com,+91 9706421015,"85/087, Sankar, Akola 109958",2097.35,5
Riya Sachdeva,Nursery,hsrinivas@upadhyay.net,+91 9208057340,"86/34, Kari Circle, Bhavnagar 575216",2789.27,1
Heer Bawa,UKG,chackoadah@bains.biz,+91 9997789413,"527, Kata Marg, Uluberia 557756",4086.52,2
Kaira Krishna,UKG,ftripathi@gmail.com,+91 9132320138,"70, Grewal Street, Karaikudi-799092",3354.5,4
Seher Kar,3rd,dgade@hotmail.com,+91 9165182849,"88/598, Rana Street, Surendranagar Dudhrej 514063",1272.45,5
Shayak Chad,1st,manikyahans@deo.com,+91 9914700881,"78/53, Yohannan Path, Eluru-856466",1007.17,4
Reyansh Bansal,4th,pmadan@jaggi-kannan.com,+91 9296918944,"H.No. 649, Khosla Nagar, Tirunelveli-623970",2049.95,4
Zoya Sankaran,5th,saanvimand@hotmail.com,+91 9127448759,"46, Mane Zila, Surat-037922",3617.42,1
Mahika Rastogi,3rd,raunakdua@toor.org,+91 9519456654,"H.No. 552, Tandon, Deoghar-716032",2953.31,3
Indrajit Talwar,3rd,riyaviswanathan@saraf-balay.com,+91 9340643548,"89, Sundaram Ganj, Thrissur 706615",2209.47,1
Aarav Rastogi,1st,dkarpe@agrawal.com,+91 9255239303,"03/799, Khatri Chowk, Pallavaram 666085",3288.08,4
Zain Barman,1st,gopalsamiha@yahoo.com,+91 9004639817,"09/15, Iyer, Eluru-414474",2313.31,5
Myra Vora,UKG,advikmahal@master-kadakia.org,+91 9041674509,"H.No. 895, Subramanian Nagar, Jehanabad 931435",2768.49,1
Shlok Choudhary,UKG,drishyadivan@ramanathan.com,+91 9373660813,"63, Dar, Aurangabad 085285",3582.89,5
Sumer Vohra,1st,kiaan94@hotmail.com,+91 9621084220,"74/657, Kota Path, Madanapalle 533297",2336.88,3
Mahika Goyal,4th,gdhillon@yahoo.com,+91 9138203464,"440, Kata Nagar, Shahjahanpur 024019",4322.59,4
Taran Gala,UKG,krishdiya@yahoo.com,+91 9152569641,"H.No. 35, Bassi Chowk, Nellore 155637",3341.44,1
